"date";"day";"site";"opp";"team"
"2020-01-03";"Fri";"H";"ATL";"Celtics"
"2020-01-04";"Sat";"A";"CHI";"Celtics"
"2020-01-06";"Mon";"A";"WAS";"Celtics"
"2020-01-08";"Wed";"H";"SAS";"Celtics"
"2020-01-09";"Thu";"A";"PHI";"Celtics"
"2020-01-11";"Sat";"H";"NOP";"Celtics"
"2020-01-13";"Mon";"H";"CHI";"Celtics"
"2020-01-15";"Wed";"H";"DET";"Celtics"
"2020-01-16";"Thu";"A";"MIL";"Celtics"
"2020-01-18";"Sat";"H";"PHX";"Celtics"
"2020-01-20";"Mon";"H";"LAL";"Celtics"
"2020-01-22";"Wed";"H";"MEM";"Celtics"
"2020-01-24";"Fri";"A";"ORL";"Celtics"
"2020-01-26";"Sun";"A";"NOP";"Celtics"
"2020-01-28";"Tue";"A";"MIA";"Celtics"
"2020-01-30";"Thu";"H";"GSW";"Celtics"
"2020-02-01";"Sat";"H";"PHI";"Celtics"
"2020-02-03";"Mon";"A";"ATL";"Celtics"
"2020-02-05";"Wed";"H";"ORL";"Celtics"
"2020-02-07";"Fri";"H";"ATL";"Celtics"
"2020-02-09";"Sun";"A";"OKC";"Celtics"
"2020-02-11";"Tue";"A";"HOU";"Celtics"
"2020-02-13";"Thu";"H";"LAC";"Celtics"
"2020-02-21";"Fri";"A";"MIN";"Celtics"
"2020-02-23";"Sun";"A";"LAL";"Celtics"
"2020-02-25";"Tue";"A";"POR";"Celtics"
"2020-02-26";"Wed";"A";"UTH";"Celtics"
"2020-02-29";"Sat";"H";"HOU";"Celtics"
"2020-03-03";"Tue";"H";"BKN";"Celtics"
"2020-03-04";"Wed";"A";"CLE";"Celtics"
"2020-03-06";"Fri";"H";"UTH";"Celtics"
"2020-03-08";"Sun";"H";"OKC";"Celtics"
"2020-03-10";"Tue";"A";"IND";"Celtics"
"2020-03-12";"Thu";"A";"MIL";"Celtics"
"2020-03-13";"Fri";"H";"WAS";"Celtics"
"2020-03-15";"Sun";"A";"CHI";"Celtics"
"2020-03-18";"Wed";"H";"NYK";"Celtics"
"2020-03-20";"Fri";"A";"TOR";"Celtics"
"2020-03-21";"Sat";"A";"BKN";"Celtics"
"2020-03-23";"Mon";"A";"WAS";"Celtics"
"2020-03-25";"Wed";"A";"MEM";"Celtics"
"2020-03-27";"Fri";"H";"POR";"Celtics"
"2020-03-29";"Sun";"H";"MIN";"Celtics"
"2020-04-01";"Wed";"H";"MIA";"Celtics"
"2020-04-03";"Fri";"H";"ORL";"Celtics"
"2020-04-05";"Sun";"H";"MIL";"Celtics"
"2020-04-08";"Wed";"H";"IND";"Celtics"
"2020-04-10";"Fri";"A";"ORL";"Celtics"
"2020-04-11";"Sat";"A";"MIA";"Celtics"
"2020-04-13";"Mon";"A";"DET";"Celtics"
"2020-04-15";"Wed";"H";"CHI";"Celtics"
"2020-10-10";"ddd";"ddd";"ddd";"Celtics"
"2020-10-11";"ddd";"ddd";"ddd";"Celtics"
"2020-10-23";"Wed";"A";"PHI";"Celtics"
"2020-10-25";"Fri";"H";"TOR";"Celtics"
"2020-10-26";"Sat";"A";"NYK";"Celtics"
"2020-10-30";"Wed";"H";"MIL";"Celtics"
"2020-11-01";"Fri";"H";"NYK";"Celtics"
"2020-11-05";"Tue";"A";"CLE";"Celtics"
"2020-11-07";"Thu";"A";"CHA";"Celtics"
"2020-11-09";"Sat";"A";"SAS";"Celtics"
"2020-11-11";"Mon";"H";"DAL";"Celtics"
"2020-11-13";"Wed";"H";"WAS";"Celtics"
"2020-11-15";"Fri";"A";"GSW";"Celtics"
"2020-11-17";"Sun";"A";"SAC";"Celtics"
"2020-11-18";"Mon";"A";"PHX";"Celtics"
"2020-11-20";"Wed";"A";"LAC";"Celtics"
"2020-11-22";"Fri";"A";"DEN";"Celtics"
"2020-11-25";"Mon";"H";"SAC";"Celtics"
"2020-11-27";"Wed";"H";"BKN";"Celtics"
"2020-11-29";"Fri";"A";"BKN";"Celtics"
"2020-12-01";"Sun";"A";"NYK";"Celtics"
"2020-12-04";"Wed";"H";"MIA";"Celtics"
"2020-12-06";"Fri";"H";"DEN";"Celtics"
"2020-12-09";"Mon";"H";"CLE";"Celtics"
"2020-12-11";"Wed";"A";"IND";"Celtics"
"2020-12-12";"Thu";"H";"PHI";"Celtics"
"2020-12-18";"Wed";"A";"DAL";"Celtics"
"2020-12-20";"Fri";"H";"DET";"Celtics"
"2020-12-22";"Sun";"H";"CHA";"Celtics"
"2020-12-25";"Wed";"A";"TOR";"Celtics"
"2020-12-27";"Fri";"H";"CLE";"Celtics"
"2020-12-28";"Sat";"H";"TOR";"Celtics"
"2020-12-31";"Tue";"A";"CHA";"Celtics"
