"num";"firstName";"lastName";"dob";"position";"university";"gamePlayed"
0;"Jayson";"Tatum    ";"1998-03-03   ";"SF";"Duke   ";60
4;"Carsen ";"Edwards  ";"1998-03-12 ";"PF";"Purdue ";35
7;"Jaylen";"Brown";"1996-10-24";"SG";"California";50
8;"Kemba";"Walker ";"1990-05-08";"PG";"Connecticut";50
9;"Brad";"Wanamaker ";"1989-07-25";"PG";"Pittsburgh";63
11;"Enes";"Kanter ";"1992-05-20";"C";"Fenerbahce";51
12;"Grant";"Williams ";"1998-11-30";"PF";"Tennessee";62
20;"Gordon";"Hayward ";"1990-03-23";"SF";"Butler";45
27;"Daniel";"Theis ";"1992-04-04";"C";"Brose Bamberg";58
36;"Marcus";"Smart ";"1994-03-06";"PG";"Oklahoma State";53
37;"Semi";"Ojeleye ";"1994-12-05";"PF";"Southern Methodist";61
43;"Javonte";"Green ";"1993-07-23";"SG";"Radford";44
44;"Robert";"Williams";"1997-10-17";"C";"Texas A&M";23
45;"Romeo";"Langford ";"1999-10-25";"SG";"Indiana";27
77;"Vincent";"Poirier";"1993-10-17";"C";"Baskonia";21
99;"Tacko";"Fall ";"1995-12-10";"C";"Central Florida";6
