"staffNo";"firstName";"lastName";"title";"teamName";"playerID"
5;"Austin";"Aing";"Assistant General Manager";"Celtics";12
6;"Danny";"Ainge ";" President of Basketball Operations";"Celtics";11
7;"Trent";"Barter ";" Facilities Engineer";"Celtics";36
8;"Evan";"Bradds ";" Assistant Video Coordinator";"Celtics";12
9;"Frank";"Burke ";" Director of Basketball Administration";"Celtics";9
10;"Drew";"Cannon ";" Basketball Operations Analyst";"Celtics";12
12;"Phil";"Coles ";" Executive Director of Performance";"Celtics";36
13;"Jace";"Delaney ";" Director of Sports Science and Athletic Development";"Celtics";8
14;"Tony";"Dobbins ";" Video Coordinator";"Celtics";7
15;"Jake";"Eastman ";" Basketball Operations Assistant";"Celtics";12
16;"Allison";"Feaster ";" Vice President, Player Development and Organizational Growth";"Celtics";7
17;"Shane";"Fenske ";" Basketball Operations Technology Developer";"Celtics";12
19;"Armand";"Lavallee ";" Strength Coach";"Celtics";43
21;"Dave";"Lewin ";" Director or Player Personnel";"Celtics";27
22;"Kathleen";"Lynch ";" Team Services Manager";"Celtics";99
23;"Benas";"Matkevicius ";" International Scout";"Celtics";77
24;"Aidan";"Monheim ";" Practice Facility Receptionist & Assistant Facility Manager";"Celtics";11
25;"Matt";"Reynolds ";" Video Assistant";"Celtics";7
26;"David";"Sparks ";" Director of Basketball Analytics";"Celtics";8
28;"Ty";"Yeaton ";" Head Strength and Conditioning Coach";"Celtics";36
29;"Mike";"Zarren ";" Vice President of Basketball Operations & Team Counsel";"Celtics";4
30;"Pete";"Chrisafideis ";" Home Equipment Personnel";"Celtics";77
31;"John";"Connor ";" Team Travel & Equipment Manager";"Celtics";99
32;"Phil";"Lynch ";" Director of Team Security";"Celtics";8
33;"Andrew";"Mannix ";" Basketball Facilities Manager & Assistant Equipment Manager";"Celtics";12
34;"Francis";"Bryant ";" Operations Liaison";"Celtics";11
35;"Nick";"Arcuri ";" Director of Team Nutrition / Team Chef";"Celtics";8
36;"Steven";"Bekerian ";" Culinary Nutrition Assistant";"Celtics";9
37;"Art";"Horne ";" Director of Performance";"Celtics";8
38;"Steve";"Mount ";" Rehabilitation Manager";"Celtics";11
39;"Guy";"Napolitana ";" Team Physician";"Celtics";43
40;"Tony";"Schena ";" Head Team Physician";"Celtics";36
41;"Chris";"Baker ";" Sr. Director, Corporate Partnerships Sales";"Celtics";0
43;"Tessa";"Caffrey ";" Vice President, Corporate Events & Hospitality";"Celtics";7
44;"Kash";"Cannon ";" Senior Coordinator, Community Engagement";"Celtics";0
45;"Jacob";"Cruz ";" Sr. Manager, Corporate Partnerships";"Celtics";44
46;"Ted";"Dalton ";" Sr. Vice President of Corporate Partnerships & Business Development";"Celtics";20
48;"Imogen";"Fairs ";" Associate Social Manager, CLTX Gaming";"Celtics";12
49;"Nicole";"Federico ";" Vice President, Business Development";"Celtics";7
50;"Jim";"Ferris ";" Managing Director, CLTX Gaming";"Celtics";37
51;"Claire";"Fox ";" Sr. Manager, Business Development";"Celtics";44
52;"Leanda";"Helms ";" Sr. Designer and Creative Strategist";"Celtics";0
53;"Dave";"Hoffman ";" Vice President, Community Engagement";"Celtics";7
57;"Bil";"Marzouki ";" Director, Corporate Partnership Sales";"Celtics";27
58;"Max";"McGonigle ";" Manager, Strategy & Business Development";"Celtics";37
61;"Darrus";"Sands ";" Manager, Community Engagement";"Celtics";77
62;"Siobhan";"Sherbovich ";" Director, Corporate Partnership Sales";"Celtics";27
63;"Richie";"Smith ";" Director of Analytics & Strategy";"Celtics";9
64;"Sam";"Taub ";" Director, Youth Basketball & Development";"Celtics";27
65;"Johnson";"Tran ";" Sr. Coordinator Community Engagement";"Celtics";0
67;"Ariann";"Williams ";" Manager Community Engagement";"Celtics";77
68;"Geno";"Zicarelli ";" Vice President, Corporate Partnerships Sales";"Celtics";7
69;"Kit";"Ackerman ";" Team Mascot";"Celtics";43
70;"Susan";"Barabino";" Executive Assistant";"Celtics";36
71;"Michael";"Benson ";" Marketing Systems & Data Integration Manager";"Celtics";37
72;"Justin";"Brown ";" Ticket Sales Account Executive";"Celtics";4
73;"Kelly";"Brown ";" Project Manager, Premium and Season Ticket Sales";"Celtics";11
74;"Brian";"Burnard ";" Sr. Director of Premium and Season Ticket Sales";"Celtics";0
75;"Paul";"Cacciatore ";" VP, Member Experience & Arena Operations";"Celtics";7
76;"Nicholas";"Cacici ";" Premium Sales Account Executive";"Celtics";11
77;"Matthew";"Carney ";" Digital Production Specialist";"Celtics";9
78;"Craig";"Cassano ";" Sr. Ticket Sales Account Executive";"Celtics";20
79;"David";"Cohen ";" Director, Member Experience and Retention";"Celtics";27
80;"Jonathan";"Cotton ";" Digital Post Production Specialist";"Celtics";9
82;"Sam";"Crocker ";" Sr. Digital Content Producer";"Celtics";0
83;"Marc";"Amico ";" Digital Content Director & Analyst";"Celtics";9
84;"Anna";"Dyakiv ";" Sr. VIP Member Experience Executive";"Celtics";43
85;"Sara";"Edlemery ";" Group Sales Account Executive & Event Manager";"Celtics";36
86;"Steven";"Gadsden ";" Sr. Video Producer, Live Events";"Celtics";20
87;"Kyle";"George ";" Digital Development Coordinator";"Celtics";9
88;"Emily";"Gervais ";" Director of Marketing";"Celtics";8
89;"Brittany";"Glenn ";" Director, VIP Member Experience and Retention";"Celtics";27
90;"Rich";"Gotham ";" Team President and Alternate Governor";"Celtics";43
91;"Matt";"Griffin ";" Senior Vice President of Strategic Marketing and Business Operations";"Celtics";0
92;"Mackenzie";"Henderson ";" Vice President of Ticket Sales";"Celtics";4
93;"Alex";"Herko ";" Sr. Manager, Content Strategy";"Celtics";44
94;"Duane";"Johnson ";" Director of Ticket Operations";"Celtics";8
95;"Erin";"Kelly ";" Member Engagement Manager";"Celtics";37
96;"John";"Krafick ";" Ticket Sales Account Executive";"Celtics";99
97;"Kristen";"Krebs ";" Sr. Coordinator, Digital Marketing & Advertising";"Celtics";0
98;"Chrissy";"Leach ";" Sr. Group Sales Manager";"Celtics";44
99;"Carley";"Lenahan ";" Sr. Manager, Live Events";"Celtics";44
100;"Alex";"Manta ";" Business Operations Manager";"Celtics";12
101;"Tyler";"Marcotte ";" Member Experience Executive";"Celtics";45
102;"Tyler";"Massey ";" Sr. Ticket Sales Account Executive";"Celtics";20
103;"Robyn";"Neal ";" Digital Marketing Coordinator";"Celtics";9
104;"Andrew";"Nguyen ";" Business Intelligence Analyst";"Celtics";12
105;"Eileen";"Malley ";" Sr. Strategic Marketing Coordinator";"Celtics";20
106;"Marina";"Ortega ";" Dance Team Director";"Celtics";9
107;"Sara";"Page ";" Sr. Member Experience Executive";"Celtics";20
108;"Justin";"Peterson ";" Director, Digital Content Production";"Celtics";27
109;"McKenzie";"Pezze ";" Member Experience Executive";"Celtics";45
110;"Amanda";"Pflugrad ";" Team Reporter";"Celtics";99
111;"Tiffany";"Philyaw ";" Member Experience Executive";"Celtics";45
112;"John";"Picard ";" Senior Videographer";"Celtics";0
113;"Katie";"Punda ";" Sr. Ticket Sales Account Executive";"Celtics";20
114;"Bill";"Ramos ";" Director of Digital Development & Innovation";"Celtics";8
115;"Jonathan";"Robinson ";" Sr. Group Sales Account Executive";"Celtics";44
116;"Marc";"Rogers ";" Sr. Group Sales Account Executive";"Celtics";0
117;"Colleen";"Rossetti ";" Sr. VIP Member Experience Executive";"Celtics";20
118;"Tim";"Schmidt ";" Ticket Operations Coordinator";"Celtics";99
119;"Lauren";"Scurini ";" Manager, Member Experience Executive";"Celtics";37
120;"Andrew";"Sherwin ";" Director, Business Intelligence & Operations";"Celtics";27
122;"Taylor";"Snow ";" Staff Writer";"Celtics";43
123;"Zachary";"Soulier ";" Sr. Ticket Sales Account Executive";"Celtics";20
125;"Matt";"Tardiff ";" Manager, CRM & Business Intelligence";"Celtics";37
126;"Tyler";"Wade ";" Member Experience Executive";"Celtics";45
127;"Kara";"Walker ";" Vice President, Marketing & Content Strategy";"Celtics";7
128;"Jake";"Wendling ";" Sr. Director of Game Presentation & Events";"Celtics";0
129;"Jack";"Wu ";" Graphic Designer";"Celtics";36
130;"Brandon";"Chinn ";" Assistant Communications Manager";"Celtics";12
131;"Christian";"Megliola ";" Sr. Vice President of Communications";"Celtics";20
132;"Brian";"Olive ";" Media Services Manager";"Celtics";37
133;"Jeff";"Twiss ";" Vice President of Media Services/Alumni Relations";"Celtics";4
134;"Heather";"Walker ";" Vice President of Public Relations";"Celtics";4
135;"Rob";"Billings ";" Risk Manager";"Celtics";0
136;"Noah";"Cole ";" Staff Accountant";"Celtics";43
137;"Wendy";"Cooper ";" Executive Assistant";"Celtics";36
138;"Janet";"Hayes ";" HR Specialist";"Celtics";77
139;"Patrick";"Lynch ";" Vice President & Controller";"Celtics";4
140;"Jim";"Mayall ";" Director of Corporate Security";"Celtics";8
141;"Barbara";"Reed ";" Vice President of Human Resources";"Celtics";4
142;"Bill";"Reissfelder ";" Executive Vice President and Chief Financial Officer";"Celtics";36
143;"Alice";"Zottoli ";" Manager of Financial Planning & Analysis";"Celtics";77
144;"Tiffany";"Brathwaite ";" Receptionist & Assistant Office Manager";"Celtics";11
145;"Peter";"Fayette ";" Director of Operations";"Celtics";8
146;"Tim";"Knecht ";" Technology Coordinator";"Celtics";99
147;"Will";"Lynner ";" Senior Accountant, Basketball Operations";"Celtics";0
148;"Jason";"McKenna ";" Director of Facilities and Engineering";"Celtics";8
149;"James";"Parker ";" General Counsel";"Celtics";36
150;"Sarah";"Herlihy ";" Associate Counsel";"Celtics";12
151;"Jay";"Wessland ";" Vice President and Chief Technology Officer";"Celtics";4
152;"Clancy";"Wolf ";" Operations Coordinator & Office Manager";"Celtics";45
